{"mem": 0.34018754959106445, "ellipse_time": 88.24667716026306, "num_GS": 46602}