{"mem": 0.653801441192627, "ellipse_time": 380.1707320213318, "num_GS": 53584}