{
	"class_name" : "PinholeCameraParameters",
	"extrinsic" : 
	[
		0.90323419847419861,
		-0.39267124934398767,
		-0.17313946010457601,
		0.0,
		0.27310822310869631,
		0.83716241308781802,
		-0.47388921973747439,
		0.0,
		0.33102852018683038,
		0.38074713925598114,
		0.86339546835230951,
		0.0,
		-0.58330993364197981,
		-2.0892572702342709,
		1.6925605218758371,
		1.0
	],
	"intrinsic" : 
	{
		"height" : 1016,
		"intrinsic_matrix" : 
		[
			879.88181024498977,
			0.0,
			0.0,
			0.0,
			879.88181024498977,
			0.0,
			959.5,
			507.5,
			1.0
		],
		"width" : 1920
	},
	"version_major" : 1,
	"version_minor" : 0
}